-- phpMyAdmin SQL Dump
-- version 4.1.14
-- http://www.phpmyadmin.net
--
-- Servidor: 127.0.0.1
-- Tiempo de generación: 21-11-2020 a las 23:11:31
-- Versión del servidor: 5.6.17
-- Versión de PHP: 5.5.12

SET SQL_MODE = "NO_AUTO_VALUE_ON_ZERO";
SET time_zone = "+00:00";


/*!40101 SET @OLD_CHARACTER_SET_CLIENT=@@CHARACTER_SET_CLIENT */;
/*!40101 SET @OLD_CHARACTER_SET_RESULTS=@@CHARACTER_SET_RESULTS */;
/*!40101 SET @OLD_COLLATION_CONNECTION=@@COLLATION_CONNECTION */;
/*!40101 SET NAMES utf8 */;

--
-- Base de datos: `inxaitcorp`
--

DELIMITER $$
--
-- Procedimientos
--
CREATE PROCEDURE `ListarClientes`()
    NO SQL
SELECT
	cp.*, 
	m.nombre AS NombreMunicipio, 
    td.nombre AS NombreTipoDocumento,
    d.nombre AS NombreDepartamento
FROM 
	clientespotenciales cp, 
    municipios m, 
    tipodocumento td,
    departamentos d
WHERE 
	m.Id=cp.municipio
AND
    cp.tipodocumento=td.Id
AND
	d.Id=(SELECT 
          IdDepartamento 
          FROM 
          municipios m 
          WHERE 
          m.Id=cp.municipio)
          
ORDER BY PrimerApellido,PrimerNombre$$

CREATE PROCEDURE `ListarGanador`()
    NO SQL
SELECT
	cp.*, 
	m.nombre AS NombreMunicipio, 
    td.nombre AS NombreTipoDocumento,
    d.nombre AS NombreDepartamento
FROM 
	clientespotenciales cp, 
    municipios m, 
    tipodocumento td,
    departamentos d
WHERE 
	m.Id=cp.municipio
AND
    cp.tipodocumento=td.Id
AND
	d.Id=(SELECT 
          IdDepartamento 
          FROM 
          municipios m 
          WHERE 
          m.Id=cp.municipio)
AND
	cp.Observacion='ESTE ES EL GANADOR'$$

DELIMITER ;

-- --------------------------------------------------------

--
-- Estructura de tabla para la tabla `clientespotenciales`
--

CREATE TABLE IF NOT EXISTS `clientespotenciales` (
  `Id` int(11) NOT NULL AUTO_INCREMENT,
  `FechaHoraRegistro` datetime NOT NULL,
  `PrimerNombre` varchar(25) NOT NULL,
  `SegundoNombre` varchar(25) DEFAULT NULL,
  `PrimerApellido` varchar(25) NOT NULL,
  `SegundoApellido` varchar(25) DEFAULT NULL,
  `TipoDocumento` int(2) NOT NULL,
  `NumeroDocumento` varchar(11) NOT NULL,
  `Municipio` int(11) NOT NULL,
  `Celular` varchar(10) NOT NULL,
  `CelularAlterno` varchar(10) DEFAULT NULL,
  `Correo` varchar(100) NOT NULL,
  `CorreoAlterno` varchar(100) DEFAULT NULL,
  `IdPromo` int(11) NOT NULL,
  `Observacion` varchar(20) NOT NULL,
  PRIMARY KEY (`Id`),
  UNIQUE KEY `TipoDocumento_2` (`TipoDocumento`,`NumeroDocumento`,`IdPromo`),
  KEY `TipoIdentificacion` (`TipoDocumento`),
  KEY `Ciudad` (`Municipio`),
  KEY `IdCampaña` (`IdPromo`)
) ENGINE=InnoDB  DEFAULT CHARSET=latin1 AUTO_INCREMENT=6 ;

--
-- Volcado de datos para la tabla `clientespotenciales`
--

INSERT INTO `clientespotenciales` (`Id`, `FechaHoraRegistro`, `PrimerNombre`, `SegundoNombre`, `PrimerApellido`, `SegundoApellido`, `TipoDocumento`, `NumeroDocumento`, `Municipio`, `Celular`, `CelularAlterno`, `Correo`, `CorreoAlterno`, `IdPromo`, `Observacion`) VALUES
(1, '2020-11-20 22:29:36', 'Luis', 'Antonio', 'Ruiz', 'Ordoñez', 1, '1047446137', 170, '3046096192', '3157307864', 'luanruor@hotmail.com', 'luanruor.la@gmail.com', 1, ''),
(2, '2020-11-21 22:23:30', 'Juan', 'David', 'Garcia', 'Acevedo', 1, '1098769273', 912, '3159289923', '', 'juandavidgarciaacevedo@gmail.com', '', 1, ''),
(3, '2020-11-21 22:26:09', 'Edwin', 'Antonio', 'Mendoza', 'Fernandez', 1, '1047446333', 190, '3164521458', '', 'edanmenfe@gmail.com', '', 1, ''),
(4, '2020-11-21 22:26:59', 'Catalina', '', 'Ordoñez', 'Puerta', 1, '45489858', 170, '3157307864', '', 'caorpu@hotmail.com', '', 1, ''),
(5, '2020-11-21 22:27:41', 'Martha', '', 'Puerta', '', 1, '33140382', 577, '3187542123', '', 'mpuerta@gmail.com', '', 1, '');

-- --------------------------------------------------------

--
-- Estructura de tabla para la tabla `departamentos`
--

CREATE TABLE IF NOT EXISTS `departamentos` (
  `Id` int(11) NOT NULL AUTO_INCREMENT,
  `Nombre` varchar(100) NOT NULL,
  `Estado` varchar(20) NOT NULL DEFAULT 'Activo',
  PRIMARY KEY (`Id`),
  KEY `Nombre` (`Nombre`)
) ENGINE=InnoDB  DEFAULT CHARSET=latin1 AUTO_INCREMENT=34 ;

--
-- Volcado de datos para la tabla `departamentos`
--

INSERT INTO `departamentos` (`Id`, `Nombre`, `Estado`) VALUES
(1, 'Amazonas', 'Activo'),
(2, 'Antioquia', 'Activo'),
(3, 'Arauca', 'Activo'),
(4, 'Archipiélago de San Andrés, Providencia y Santa Catalina', 'Activo'),
(5, 'Atlántico', 'Activo'),
(6, 'Bogotá D.C.', 'Activo'),
(7, 'Bolívar', 'Activo'),
(8, 'Boyacá', 'Activo'),
(9, 'Caldas', 'Activo'),
(10, 'Caquetá', 'Activo'),
(11, 'Casanare', 'Activo'),
(12, 'Cauca', 'Activo'),
(13, 'Cesar', 'Activo'),
(14, 'Chocó', 'Activo'),
(15, 'Córdoba', 'Activo'),
(16, 'Cundinamarca', 'Activo'),
(17, 'Guainía', 'Activo'),
(18, 'Guaviare', 'Activo'),
(19, 'Huila', 'Activo'),
(20, 'La Guajira', 'Activo'),
(21, 'Magdalena', 'Activo'),
(22, 'Meta', 'Activo'),
(23, 'Nariño', 'Activo'),
(24, 'Norte de Santander', 'Activo'),
(25, 'Putumayo', 'Activo'),
(26, 'Quindío', 'Activo'),
(27, 'Risaralda', 'Activo'),
(28, 'Santander', 'Activo'),
(29, 'Sucre', 'Activo'),
(30, 'Tolima', 'Activo'),
(31, 'Valle del Cauca', 'Activo'),
(32, 'Vaupés', 'Activo'),
(33, 'Vichada', 'Activo');

-- --------------------------------------------------------

--
-- Estructura de tabla para la tabla `municipios`
--

CREATE TABLE IF NOT EXISTS `municipios` (
  `Id` int(11) NOT NULL AUTO_INCREMENT,
  `Nombre` varchar(100) NOT NULL,
  `IdDepartamento` int(11) NOT NULL,
  `Estado` varchar(20) NOT NULL DEFAULT 'Activo',
  PRIMARY KEY (`Id`),
  KEY `IdDepartamento` (`IdDepartamento`),
  KEY `IdDepartamento_2` (`IdDepartamento`)
) ENGINE=InnoDB  DEFAULT CHARSET=latin1 AUTO_INCREMENT=1124 ;

--
-- Volcado de datos para la tabla `municipios`
--

INSERT INTO `municipios` (`Id`, `Nombre`, `IdDepartamento`, `Estado`) VALUES
(1, 'Leticia', 1, 'Activo'),
(2, 'El Encanto', 1, 'Activo'),
(3, 'La Chorrera', 1, 'Activo'),
(4, 'La Pedrera', 1, 'Activo'),
(5, 'La Victoria', 1, 'Activo'),
(6, 'Miriti Paraná', 1, 'Activo'),
(7, 'Puerto Alegría', 1, 'Activo'),
(8, 'Puerto Arica', 1, 'Activo'),
(9, 'Puerto Nariño', 1, 'Activo'),
(10, 'Puerto Santander', 1, 'Activo'),
(11, 'Tarapacá', 1, 'Activo'),
(12, 'Medellín', 2, 'Activo'),
(13, 'Abejorral', 2, 'Activo'),
(14, 'Abriaquí', 2, 'Activo'),
(15, 'Alejandría', 2, 'Activo'),
(16, 'Amagá', 2, 'Activo'),
(17, 'Amalfi', 2, 'Activo'),
(18, 'Andes', 2, 'Activo'),
(19, 'Angelópolis', 2, 'Activo'),
(20, 'Angostura', 2, 'Activo'),
(21, 'Anorí', 2, 'Activo'),
(22, 'Anza', 2, 'Activo'),
(23, 'Apartadó', 2, 'Activo'),
(24, 'Arboletes', 2, 'Activo'),
(25, 'Argelia', 2, 'Activo'),
(26, 'Armenia', 2, 'Activo'),
(27, 'Barbosa', 2, 'Activo'),
(28, 'Bello', 2, 'Activo'),
(29, 'Belmira', 2, 'Activo'),
(30, 'Betania', 2, 'Activo'),
(31, 'Betulia', 2, 'Activo'),
(32, 'Briceño', 2, 'Activo'),
(33, 'Buriticá', 2, 'Activo'),
(34, 'Cáceres', 2, 'Activo'),
(35, 'Caicedo', 2, 'Activo'),
(36, 'Caldas', 2, 'Activo'),
(37, 'Campamento', 2, 'Activo'),
(38, 'Cañasgordas', 2, 'Activo'),
(39, 'Caracolí', 2, 'Activo'),
(40, 'Caramanta', 2, 'Activo'),
(41, 'Carepa', 2, 'Activo'),
(42, 'Carolina', 2, 'Activo'),
(43, 'Caucasia', 2, 'Activo'),
(44, 'Chigorodó', 2, 'Activo'),
(45, 'Cisneros', 2, 'Activo'),
(46, 'Ciudad Bolívar', 2, 'Activo'),
(47, 'Cocorná', 2, 'Activo'),
(48, 'Concepción', 2, 'Activo'),
(49, 'Concordia', 2, 'Activo'),
(50, 'Copacabana', 2, 'Activo'),
(51, 'Dabeiba', 2, 'Activo'),
(52, 'Don Matías', 2, 'Activo'),
(53, 'Ebéjico', 2, 'Activo'),
(54, 'El Bagre', 2, 'Activo'),
(55, 'El Carmen de Viboral', 2, 'Activo'),
(56, 'El Santuario', 2, 'Activo'),
(57, 'Entrerrios', 2, 'Activo'),
(58, 'Envigado', 2, 'Activo'),
(59, 'Fredonia', 2, 'Activo'),
(60, 'Frontino', 2, 'Activo'),
(61, 'Giraldo', 2, 'Activo'),
(62, 'Girardota', 2, 'Activo'),
(63, 'Gómez Plata', 2, 'Activo'),
(64, 'Granada', 2, 'Activo'),
(65, 'Guadalupe', 2, 'Activo'),
(66, 'Guarne', 2, 'Activo'),
(67, 'Guatapé', 2, 'Activo'),
(68, 'Heliconia', 2, 'Activo'),
(69, 'Hispania', 2, 'Activo'),
(70, 'Itagui', 2, 'Activo'),
(71, 'Ituango', 2, 'Activo'),
(72, 'Jardín', 2, 'Activo'),
(73, 'Jericó', 2, 'Activo'),
(74, 'La Ceja', 2, 'Activo'),
(75, 'La Estrella', 2, 'Activo'),
(76, 'La Pintada', 2, 'Activo'),
(77, 'La Unión', 2, 'Activo'),
(78, 'Liborina', 2, 'Activo'),
(79, 'Maceo', 2, 'Activo'),
(80, 'Marinilla', 2, 'Activo'),
(81, 'Montebello', 2, 'Activo'),
(82, 'Murindó', 2, 'Activo'),
(83, 'Mutatá', 2, 'Activo'),
(84, 'Nariño', 2, 'Activo'),
(85, 'Nechí', 2, 'Activo'),
(86, 'Necoclí', 2, 'Activo'),
(87, 'Olaya', 2, 'Activo'),
(88, 'Peñol', 2, 'Activo'),
(89, 'Peque', 2, 'Activo'),
(90, 'Pueblorrico', 2, 'Activo'),
(91, 'Puerto Berrío', 2, 'Activo'),
(92, 'Puerto Nare', 2, 'Activo'),
(93, 'Puerto Triunfo', 2, 'Activo'),
(94, 'Remedios', 2, 'Activo'),
(95, 'Retiro', 2, 'Activo'),
(96, 'Rionegro', 2, 'Activo'),
(97, 'Sabanalarga', 2, 'Activo'),
(98, 'Sabaneta', 2, 'Activo'),
(99, 'Salgar', 2, 'Activo'),
(100, 'San Andrés de Cuerquía', 2, 'Activo'),
(101, 'San Carlos', 2, 'Activo'),
(102, 'San Francisco', 2, 'Activo'),
(103, 'San Jerónimo', 2, 'Activo'),
(104, 'San José de La Montaña', 2, 'Activo'),
(105, 'San Juan de Urabá', 2, 'Activo'),
(106, 'San Luis', 2, 'Activo'),
(107, 'San Pedro', 2, 'Activo'),
(108, 'San Pedro de Uraba', 2, 'Activo'),
(109, 'San Rafael', 2, 'Activo'),
(110, 'San Roque', 2, 'Activo'),
(111, 'San Vicente', 2, 'Activo'),
(112, 'Santa Bárbara', 2, 'Activo'),
(113, 'Santa Rosa de Osos', 2, 'Activo'),
(114, 'Santafé de Antioquia', 2, 'Activo'),
(115, 'Santo Domingo', 2, 'Activo'),
(116, 'Segovia', 2, 'Activo'),
(117, 'Sonsón', 2, 'Activo'),
(118, 'Sopetrán', 2, 'Activo'),
(119, 'Támesis', 2, 'Activo'),
(120, 'Tarazá', 2, 'Activo'),
(121, 'Tarso', 2, 'Activo'),
(122, 'Titiribí', 2, 'Activo'),
(123, 'Toledo', 2, 'Activo'),
(124, 'Turbo', 2, 'Activo'),
(125, 'Uramita', 2, 'Activo'),
(126, 'Urrao', 2, 'Activo'),
(127, 'Valdivia', 2, 'Activo'),
(128, 'Valparaíso', 2, 'Activo'),
(129, 'Vegachí', 2, 'Activo'),
(130, 'Venecia', 2, 'Activo'),
(131, 'Vigía del Fuerte', 2, 'Activo'),
(132, 'Yalí', 2, 'Activo'),
(133, 'Yarumal', 2, 'Activo'),
(134, 'Yolombó', 2, 'Activo'),
(135, 'Yondó', 2, 'Activo'),
(136, 'Zaragoza', 2, 'Activo'),
(137, 'Arauca', 3, 'Activo'),
(138, 'Arauquita', 3, 'Activo'),
(139, 'Cravo Norte', 3, 'Activo'),
(140, 'Fortul', 3, 'Activo'),
(141, 'Puerto Rondón', 3, 'Activo'),
(142, 'Saravena', 3, 'Activo'),
(143, 'Tame', 3, 'Activo'),
(144, 'San Andrés', 4, 'Activo'),
(145, 'Providencia', 4, 'Activo'),
(146, 'Barranquilla', 5, 'Activo'),
(147, 'Baranoa', 5, 'Activo'),
(148, 'Campo de La Cruz', 5, 'Activo'),
(149, 'Candelaria', 5, 'Activo'),
(150, 'Galapa', 5, 'Activo'),
(151, 'Juan de Acosta', 5, 'Activo'),
(152, 'Luruaco', 5, 'Activo'),
(153, 'Malambo', 5, 'Activo'),
(154, 'Manatí', 5, 'Activo'),
(155, 'Palmar de Varela', 5, 'Activo'),
(156, 'Piojó', 5, 'Activo'),
(157, 'Polonuevo', 5, 'Activo'),
(158, 'Ponedera', 5, 'Activo'),
(159, 'Puerto Colombia', 5, 'Activo'),
(160, 'Repelón', 5, 'Activo'),
(161, 'Sabanagrande', 5, 'Activo'),
(162, 'Sabanalarga', 5, 'Activo'),
(163, 'Santa Lucía', 5, 'Activo'),
(164, 'Santo Tomás', 5, 'Activo'),
(165, 'Soledad', 5, 'Activo'),
(166, 'Suan', 5, 'Activo'),
(167, 'Tubará', 5, 'Activo'),
(168, 'Usiacurí', 5, 'Activo'),
(169, 'Bogotá D.C.', 6, 'Activo'),
(170, 'Cartagena', 7, 'Activo'),
(171, 'Achí', 7, 'Activo'),
(172, 'Altos del Rosario', 7, 'Activo'),
(173, 'Arenal', 7, 'Activo'),
(174, 'Arjona', 7, 'Activo'),
(175, 'Arroyohondo', 7, 'Activo'),
(176, 'Barranco de Loba', 7, 'Activo'),
(177, 'Calamar', 7, 'Activo'),
(178, 'Cantagallo', 7, 'Activo'),
(179, 'Cicuco', 7, 'Activo'),
(180, 'Clemencia', 7, 'Activo'),
(181, 'Córdoba', 7, 'Activo'),
(182, 'El Carmen de Bolívar', 7, 'Activo'),
(183, 'El Guamo', 7, 'Activo'),
(184, 'El Peñón', 7, 'Activo'),
(185, 'Hatillo de Loba', 7, 'Activo'),
(186, 'Magangué', 7, 'Activo'),
(187, 'Mahates', 7, 'Activo'),
(188, 'Margarita', 7, 'Activo'),
(189, 'María la Baja', 7, 'Activo'),
(190, 'Mompós', 7, 'Activo'),
(191, 'Montecristo', 7, 'Activo'),
(192, 'Morales', 7, 'Activo'),
(193, 'Norosí', 7, 'Activo'),
(194, 'Pinillos', 7, 'Activo'),
(195, 'Regidor', 7, 'Activo'),
(196, 'Río Viejo', 7, 'Activo'),
(197, 'San Cristóbal', 7, 'Activo'),
(198, 'San Estanislao', 7, 'Activo'),
(199, 'San Fernando', 7, 'Activo'),
(200, 'San Jacinto', 7, 'Activo'),
(201, 'San Jacinto del Cauca', 7, 'Activo'),
(202, 'San Juan Nepomuceno', 7, 'Activo'),
(203, 'San Martín de Loba', 7, 'Activo'),
(204, 'San Pablo de Borbur', 7, 'Activo'),
(205, 'Santa Catalina', 7, 'Activo'),
(206, 'Santa Rosa', 7, 'Activo'),
(207, 'Santa Rosa del Sur', 7, 'Activo'),
(208, 'Simití', 7, 'Activo'),
(209, 'Soplaviento', 7, 'Activo'),
(210, 'Talaigua Nuevo', 7, 'Activo'),
(211, 'Tiquisio', 7, 'Activo'),
(212, 'Turbaco', 7, 'Activo'),
(213, 'Turbaná', 7, 'Activo'),
(214, 'Villanueva', 7, 'Activo'),
(215, 'Zambrano', 7, 'Activo'),
(216, 'Tunja', 8, 'Activo'),
(217, 'Almeida', 8, 'Activo'),
(218, 'Aquitania', 8, 'Activo'),
(219, 'Arcabuco', 8, 'Activo'),
(220, 'Belén', 8, 'Activo'),
(221, 'Berbeo', 8, 'Activo'),
(222, 'Betéitiva', 8, 'Activo'),
(223, 'Boavita', 8, 'Activo'),
(224, 'Boyacá', 8, 'Activo'),
(225, 'Briceño', 8, 'Activo'),
(226, 'Buena Vista', 8, 'Activo'),
(227, 'Busbanzá', 8, 'Activo'),
(228, 'Caldas', 8, 'Activo'),
(229, 'Campohermoso', 8, 'Activo'),
(230, 'Cerinza', 8, 'Activo'),
(231, 'Chinavita', 8, 'Activo'),
(232, 'Chiquinquirá', 8, 'Activo'),
(233, 'Chíquiza', 8, 'Activo'),
(234, 'Chiscas', 8, 'Activo'),
(235, 'Chita', 8, 'Activo'),
(236, 'Chitaraque', 8, 'Activo'),
(237, 'Chivatá', 8, 'Activo'),
(238, 'Chivor', 8, 'Activo'),
(239, 'Ciénega', 8, 'Activo'),
(240, 'Cómbita', 8, 'Activo'),
(241, 'Coper', 8, 'Activo'),
(242, 'Corrales', 8, 'Activo'),
(243, 'Covarachía', 8, 'Activo'),
(244, 'Cubará', 8, 'Activo'),
(245, 'Cucaita', 8, 'Activo'),
(246, 'Cuítiva', 8, 'Activo'),
(247, 'Duitama', 8, 'Activo'),
(248, 'El Cocuy', 8, 'Activo'),
(249, 'El Espino', 8, 'Activo'),
(250, 'Firavitoba', 8, 'Activo'),
(251, 'Floresta', 8, 'Activo'),
(252, 'Gachantivá', 8, 'Activo'),
(253, 'Gameza', 8, 'Activo'),
(254, 'Garagoa', 8, 'Activo'),
(255, 'Guacamayas', 8, 'Activo'),
(256, 'Guateque', 8, 'Activo'),
(257, 'Guayatá', 8, 'Activo'),
(258, 'Güicán', 8, 'Activo'),
(259, 'Iza', 8, 'Activo'),
(260, 'Jenesano', 8, 'Activo'),
(261, 'Jericó', 8, 'Activo'),
(262, 'La Capilla', 8, 'Activo'),
(263, 'La Uvita', 8, 'Activo'),
(264, 'La Victoria', 8, 'Activo'),
(265, 'Labranzagrande', 8, 'Activo'),
(266, 'Macanal', 8, 'Activo'),
(267, 'Maripí', 8, 'Activo'),
(268, 'Miraflores', 8, 'Activo'),
(269, 'Mongua', 8, 'Activo'),
(270, 'Monguí', 8, 'Activo'),
(271, 'Moniquirá', 8, 'Activo'),
(272, 'Motavita', 8, 'Activo'),
(273, 'Muzo', 8, 'Activo'),
(274, 'Nobsa', 8, 'Activo'),
(275, 'Nuevo Colón', 8, 'Activo'),
(276, 'Oicatá', 8, 'Activo'),
(277, 'Otanche', 8, 'Activo'),
(278, 'Pachavita', 8, 'Activo'),
(279, 'Páez', 8, 'Activo'),
(280, 'Paipa', 8, 'Activo'),
(281, 'Pajarito', 8, 'Activo'),
(282, 'Panqueba', 8, 'Activo'),
(283, 'Pauna', 8, 'Activo'),
(284, 'Paya', 8, 'Activo'),
(285, 'Paz de Río', 8, 'Activo'),
(286, 'Pesca', 8, 'Activo'),
(287, 'Pisba', 8, 'Activo'),
(288, 'Puerto Boyacá', 8, 'Activo'),
(289, 'Quípama', 8, 'Activo'),
(290, 'Ramiriquí', 8, 'Activo'),
(291, 'Ráquira', 8, 'Activo'),
(292, 'Rondón', 8, 'Activo'),
(293, 'Saboyá', 8, 'Activo'),
(294, 'Sáchica', 8, 'Activo'),
(295, 'Samacá', 8, 'Activo'),
(296, 'San Eduardo', 8, 'Activo'),
(297, 'San José de Pare', 8, 'Activo'),
(298, 'San Luis de Gaceno', 8, 'Activo'),
(299, 'San Mateo', 8, 'Activo'),
(300, 'San Miguel de Sema', 8, 'Activo'),
(301, 'San Pablo de Borbur', 8, 'Activo'),
(302, 'Santa María', 8, 'Activo'),
(303, 'Santa Rosa de Viterbo', 8, 'Activo'),
(304, 'Santa Sofía', 8, 'Activo'),
(305, 'Santana', 8, 'Activo'),
(306, 'Sativanorte', 8, 'Activo'),
(307, 'Sativasur', 8, 'Activo'),
(308, 'Siachoque', 8, 'Activo'),
(309, 'Soatá', 8, 'Activo'),
(310, 'Socha', 8, 'Activo'),
(311, 'Socotá', 8, 'Activo'),
(312, 'Sogamoso', 8, 'Activo'),
(313, 'Somondoco', 8, 'Activo'),
(314, 'Sora', 8, 'Activo'),
(315, 'Soracá', 8, 'Activo'),
(316, 'Sotaquirá', 8, 'Activo'),
(317, 'Susacón', 8, 'Activo'),
(318, 'Sutamarchán', 8, 'Activo'),
(319, 'Sutatenza', 8, 'Activo'),
(320, 'Tasco', 8, 'Activo'),
(321, 'Tenza', 8, 'Activo'),
(322, 'Tibaná', 8, 'Activo'),
(323, 'Tibasosa', 8, 'Activo'),
(324, 'Tinjacá', 8, 'Activo'),
(325, 'Tipacoque', 8, 'Activo'),
(326, 'Toca', 8, 'Activo'),
(327, 'Togüí', 8, 'Activo'),
(328, 'Tópaga', 8, 'Activo'),
(329, 'Tota', 8, 'Activo'),
(330, 'Tununguá', 8, 'Activo'),
(331, 'Turmequé', 8, 'Activo'),
(332, 'Tuta', 8, 'Activo'),
(333, 'Tutazá', 8, 'Activo'),
(334, 'Umbita', 8, 'Activo'),
(335, 'Ventaquemada', 8, 'Activo'),
(336, 'Villa de Leyva', 8, 'Activo'),
(337, 'Viracachá', 8, 'Activo'),
(338, 'Zetaquira', 8, 'Activo'),
(339, 'Manizales', 9, 'Activo'),
(340, 'Aguadas', 9, 'Activo'),
(341, 'Anserma', 9, 'Activo'),
(342, 'Aranzazu', 9, 'Activo'),
(343, 'Belalcázar', 9, 'Activo'),
(344, 'Chinchiná', 9, 'Activo'),
(345, 'Filadelfia', 9, 'Activo'),
(346, 'La Dorada', 9, 'Activo'),
(347, 'La Merced', 9, 'Activo'),
(348, 'Manzanares', 9, 'Activo'),
(349, 'Marmato', 9, 'Activo'),
(350, 'Marquetalia', 9, 'Activo'),
(351, 'Marulanda', 9, 'Activo'),
(352, 'Neira', 9, 'Activo'),
(353, 'Norcasia', 9, 'Activo'),
(354, 'Pácora', 9, 'Activo'),
(355, 'Palestina', 9, 'Activo'),
(356, 'Pensilvania', 9, 'Activo'),
(357, 'Riosucio', 9, 'Activo'),
(358, 'Risaralda', 9, 'Activo'),
(359, 'Salamina', 9, 'Activo'),
(360, 'Samaná', 9, 'Activo'),
(361, 'San José', 9, 'Activo'),
(362, 'Supía', 9, 'Activo'),
(363, 'Victoria', 9, 'Activo'),
(364, 'Villamaría', 9, 'Activo'),
(365, 'Viterbo', 9, 'Activo'),
(366, 'Florencia', 10, 'Activo'),
(367, 'Albania', 10, 'Activo'),
(368, 'Belén de Los Andaquies', 10, 'Activo'),
(369, 'Cartagena del Chairá', 10, 'Activo'),
(370, 'Curillo', 10, 'Activo'),
(371, 'El Doncello', 10, 'Activo'),
(372, 'El Paujil', 10, 'Activo'),
(373, 'La Montañita', 10, 'Activo'),
(374, 'Milán', 10, 'Activo'),
(375, 'Morelia', 10, 'Activo'),
(376, 'Puerto Rico', 10, 'Activo'),
(377, 'San José del Fragua', 10, 'Activo'),
(378, 'San Vicente del Caguán', 10, 'Activo'),
(379, 'Solano', 10, 'Activo'),
(380, 'Solita', 10, 'Activo'),
(381, 'Valparaíso', 10, 'Activo'),
(382, 'Yopal', 11, 'Activo'),
(383, 'Aguazul', 11, 'Activo'),
(384, 'Chámeza', 11, 'Activo'),
(385, 'Hato Corozal', 11, 'Activo'),
(386, 'La Salina', 11, 'Activo'),
(387, 'Maní', 11, 'Activo'),
(388, 'Monterrey', 11, 'Activo'),
(389, 'Nunchía', 11, 'Activo'),
(390, 'Orocué', 11, 'Activo'),
(391, 'Paz de Ariporo', 11, 'Activo'),
(392, 'Pore', 11, 'Activo'),
(393, 'Recetor', 11, 'Activo'),
(394, 'Sabanalarga', 11, 'Activo'),
(395, 'Sácama', 11, 'Activo'),
(396, 'San Luis de Gaceno', 11, 'Activo'),
(397, 'Támara', 11, 'Activo'),
(398, 'Tauramena', 11, 'Activo'),
(399, 'Trinidad', 11, 'Activo'),
(400, 'Villanueva', 11, 'Activo'),
(401, 'Popayán', 12, 'Activo'),
(402, 'Almaguer', 12, 'Activo'),
(403, 'Argelia', 12, 'Activo'),
(404, 'Balboa', 12, 'Activo'),
(405, 'Bolívar', 12, 'Activo'),
(406, 'Buenos Aires', 12, 'Activo'),
(407, 'Cajibío', 12, 'Activo'),
(408, 'Caldono', 12, 'Activo'),
(409, 'Caloto', 12, 'Activo'),
(410, 'Corinto', 12, 'Activo'),
(411, 'El Tambo', 12, 'Activo'),
(412, 'Florencia', 12, 'Activo'),
(413, 'Guachené', 12, 'Activo'),
(414, 'Guapi', 12, 'Activo'),
(415, 'Inzá', 12, 'Activo'),
(416, 'Jambaló', 12, 'Activo'),
(417, 'La Sierra', 12, 'Activo'),
(418, 'La Vega', 12, 'Activo'),
(419, 'López', 12, 'Activo'),
(420, 'Mercaderes', 12, 'Activo'),
(421, 'Miranda', 12, 'Activo'),
(422, 'Morales', 12, 'Activo'),
(423, 'Padilla', 12, 'Activo'),
(424, 'Páez', 12, 'Activo'),
(425, 'Patía', 12, 'Activo'),
(426, 'Piamonte', 12, 'Activo'),
(427, 'Piendamó', 12, 'Activo'),
(428, 'Puerto Tejada', 12, 'Activo'),
(429, 'Puracé', 12, 'Activo'),
(430, 'Rosas', 12, 'Activo'),
(431, 'San Sebastián', 12, 'Activo'),
(432, 'Santa Rosa', 12, 'Activo'),
(433, 'Santander de Quilichao', 12, 'Activo'),
(434, 'Silvia', 12, 'Activo'),
(435, 'Sotara', 12, 'Activo'),
(436, 'Suárez', 12, 'Activo'),
(437, 'Sucre', 12, 'Activo'),
(438, 'Timbío', 12, 'Activo'),
(439, 'Timbiquí', 12, 'Activo'),
(440, 'Toribio', 12, 'Activo'),
(441, 'Totoró', 12, 'Activo'),
(442, 'Villa Rica', 12, 'Activo'),
(443, 'Valledupar', 13, 'Activo'),
(444, 'Aguachica', 13, 'Activo'),
(445, 'Agustín Codazzi', 13, 'Activo'),
(446, 'Astrea', 13, 'Activo'),
(447, 'Becerril', 13, 'Activo'),
(448, 'Bosconia', 13, 'Activo'),
(449, 'Chimichagua', 13, 'Activo'),
(450, 'Chiriguaná', 13, 'Activo'),
(451, 'Curumaní', 13, 'Activo'),
(452, 'El Copey', 13, 'Activo'),
(453, 'El Paso', 13, 'Activo'),
(454, 'Gamarra', 13, 'Activo'),
(455, 'González', 13, 'Activo'),
(456, 'La Gloria', 13, 'Activo'),
(457, 'La Jagua de Ibirico', 13, 'Activo'),
(458, 'La Paz', 13, 'Activo'),
(459, 'Manaure', 13, 'Activo'),
(460, 'Pailitas', 13, 'Activo'),
(461, 'Pelaya', 13, 'Activo'),
(462, 'Pueblo Bello', 13, 'Activo'),
(463, 'Río de Oro', 13, 'Activo'),
(464, 'San Alberto', 13, 'Activo'),
(465, 'San Diego', 13, 'Activo'),
(466, 'San Martín', 13, 'Activo'),
(467, 'Tamalameque', 13, 'Activo'),
(468, 'Quibdó', 14, 'Activo'),
(469, 'Acandí', 14, 'Activo'),
(470, 'Alto Baudo', 14, 'Activo'),
(471, 'Atrato', 14, 'Activo'),
(472, 'Bagadó', 14, 'Activo'),
(473, 'Bahía Solano', 14, 'Activo'),
(474, 'Bajo Baudó', 14, 'Activo'),
(475, 'Belén de Bajira', 14, 'Activo'),
(476, 'Bojaya', 14, 'Activo'),
(477, 'Carmen del Darien', 14, 'Activo'),
(478, 'Cértegui', 14, 'Activo'),
(479, 'Condoto', 14, 'Activo'),
(480, 'El Cantón del San Pablo', 14, 'Activo'),
(481, 'El Carmen de Atrato', 14, 'Activo'),
(482, 'El Litoral del San Juan', 14, 'Activo'),
(483, 'Istmina', 14, 'Activo'),
(484, 'Juradó', 14, 'Activo'),
(485, 'Lloró', 14, 'Activo'),
(486, 'Medio Atrato', 14, 'Activo'),
(487, 'Medio Baudó', 14, 'Activo'),
(488, 'Medio San Juan', 14, 'Activo'),
(489, 'Nóvita', 14, 'Activo'),
(490, 'Nuquí', 14, 'Activo'),
(491, 'Río Iro', 14, 'Activo'),
(492, 'Río Quito', 14, 'Activo'),
(493, 'Riosucio', 14, 'Activo'),
(494, 'San José del Palmar', 14, 'Activo'),
(495, 'Sipí', 14, 'Activo'),
(496, 'Tadó', 14, 'Activo'),
(497, 'Unguía', 14, 'Activo'),
(498, 'Unión Panamericana', 14, 'Activo'),
(499, 'Montería', 15, 'Activo'),
(500, 'Ayapel', 15, 'Activo'),
(501, 'Buenavista', 15, 'Activo'),
(502, 'Canalete', 15, 'Activo'),
(503, 'Cereté', 15, 'Activo'),
(504, 'Chimá', 15, 'Activo'),
(505, 'Chinú', 15, 'Activo'),
(506, 'Ciénaga de Oro', 15, 'Activo'),
(507, 'Cotorra', 15, 'Activo'),
(508, 'La Apartada', 15, 'Activo'),
(509, 'Lorica', 15, 'Activo'),
(510, 'Los Córdobas', 15, 'Activo'),
(511, 'Momil', 15, 'Activo'),
(512, 'Montelíbano', 15, 'Activo'),
(513, 'Moñitos', 15, 'Activo'),
(514, 'Planeta Rica', 15, 'Activo'),
(515, 'Pueblo Nuevo', 15, 'Activo'),
(516, 'Puerto Escondido', 15, 'Activo'),
(517, 'Puerto Libertador', 15, 'Activo'),
(518, 'Purísima', 15, 'Activo'),
(519, 'Sahagún', 15, 'Activo'),
(520, 'San Andrés Sotavento', 15, 'Activo'),
(521, 'San Antero', 15, 'Activo'),
(522, 'San Bernardo del Viento', 15, 'Activo'),
(523, 'San Carlos', 15, 'Activo'),
(524, 'San José de Uré', 15, 'Activo'),
(525, 'San Pelayo', 15, 'Activo'),
(526, 'Tierralta', 15, 'Activo'),
(527, 'Tuchín', 15, 'Activo'),
(528, 'Valencia', 15, 'Activo'),
(529, 'Agua de Dios', 16, 'Activo'),
(530, 'Albán', 16, 'Activo'),
(531, 'Anapoima', 16, 'Activo'),
(532, 'Anolaima', 16, 'Activo'),
(533, 'Apulo', 16, 'Activo'),
(534, 'Arbeláez', 16, 'Activo'),
(535, 'Beltrán', 16, 'Activo'),
(536, 'Bituima', 16, 'Activo'),
(537, 'Bojacá', 16, 'Activo'),
(538, 'Cabrera', 16, 'Activo'),
(539, 'Cachipay', 16, 'Activo'),
(540, 'Cajicá', 16, 'Activo'),
(541, 'Caparrapí', 16, 'Activo'),
(542, 'Caqueza', 16, 'Activo'),
(543, 'Carmen de Carupa', 16, 'Activo'),
(544, 'Chaguaní', 16, 'Activo'),
(545, 'Chía', 16, 'Activo'),
(546, 'Chipaque', 16, 'Activo'),
(547, 'Choachí', 16, 'Activo'),
(548, 'Chocontá', 16, 'Activo'),
(549, 'Cogua', 16, 'Activo'),
(550, 'Cota', 16, 'Activo'),
(551, 'Cucunubá', 16, 'Activo'),
(552, 'El Colegio', 16, 'Activo'),
(553, 'El Peñón', 16, 'Activo'),
(554, 'El Rosal', 16, 'Activo'),
(555, 'Facatativá', 16, 'Activo'),
(556, 'Fomeque', 16, 'Activo'),
(557, 'Fosca', 16, 'Activo'),
(558, 'Funza', 16, 'Activo'),
(559, 'Fúquene', 16, 'Activo'),
(560, 'Fusagasugá', 16, 'Activo'),
(561, 'Gachala', 16, 'Activo'),
(562, 'Gachancipá', 16, 'Activo'),
(563, 'Gachetá', 16, 'Activo'),
(564, 'Gama', 16, 'Activo'),
(565, 'Girardot', 16, 'Activo'),
(566, 'Granada', 16, 'Activo'),
(567, 'Guachetá', 16, 'Activo'),
(568, 'Guaduas', 16, 'Activo'),
(569, 'Guasca', 16, 'Activo'),
(570, 'Guataquí', 16, 'Activo'),
(571, 'Guatavita', 16, 'Activo'),
(572, 'Guayabal de Siquima', 16, 'Activo'),
(573, 'Guayabetal', 16, 'Activo'),
(574, 'Gutiérrez', 16, 'Activo'),
(575, 'Jerusalén', 16, 'Activo'),
(576, 'Junín', 16, 'Activo'),
(577, 'La Calera', 16, 'Activo'),
(578, 'La Mesa', 16, 'Activo'),
(579, 'La Palma', 16, 'Activo'),
(580, 'La Peña', 16, 'Activo'),
(581, 'La Vega', 16, 'Activo'),
(582, 'Lenguazaque', 16, 'Activo'),
(583, 'Macheta', 16, 'Activo'),
(584, 'Madrid', 16, 'Activo'),
(585, 'Manta', 16, 'Activo'),
(586, 'Medina', 16, 'Activo'),
(587, 'Mosquera', 16, 'Activo'),
(588, 'Nariño', 16, 'Activo'),
(589, 'Nemocón', 16, 'Activo'),
(590, 'Nilo', 16, 'Activo'),
(591, 'Nimaima', 16, 'Activo'),
(592, 'Nocaima', 16, 'Activo'),
(593, 'Pacho', 16, 'Activo'),
(594, 'Paime', 16, 'Activo'),
(595, 'Pandi', 16, 'Activo'),
(596, 'Paratebueno', 16, 'Activo'),
(597, 'Pasca', 16, 'Activo'),
(598, 'Puerto Salgar', 16, 'Activo'),
(599, 'Pulí', 16, 'Activo'),
(600, 'Quebradanegra', 16, 'Activo'),
(601, 'Quetame', 16, 'Activo'),
(602, 'Quipile', 16, 'Activo'),
(603, 'Ricaurte', 16, 'Activo'),
(604, 'San Antonio del Tequendama', 16, 'Activo'),
(605, 'San Bernardo', 16, 'Activo'),
(606, 'San Cayetano', 16, 'Activo'),
(607, 'San Francisco', 16, 'Activo'),
(608, 'San Juan de Río Seco', 16, 'Activo'),
(609, 'Sasaima', 16, 'Activo'),
(610, 'Sesquilé', 16, 'Activo'),
(611, 'Sibaté', 16, 'Activo'),
(612, 'Silvania', 16, 'Activo'),
(613, 'Simijaca', 16, 'Activo'),
(614, 'Soacha', 16, 'Activo'),
(615, 'Sopó', 16, 'Activo'),
(616, 'Subachoque', 16, 'Activo'),
(617, 'Suesca', 16, 'Activo'),
(618, 'Supatá', 16, 'Activo'),
(619, 'Susa', 16, 'Activo'),
(620, 'Sutatausa', 16, 'Activo'),
(621, 'Tabio', 16, 'Activo'),
(622, 'Tausa', 16, 'Activo'),
(623, 'Tena', 16, 'Activo'),
(624, 'Tenjo', 16, 'Activo'),
(625, 'Tibacuy', 16, 'Activo'),
(626, 'Tibirita', 16, 'Activo'),
(627, 'Tocaima', 16, 'Activo'),
(628, 'Tocancipá', 16, 'Activo'),
(629, 'Topaipí', 16, 'Activo'),
(630, 'Ubalá', 16, 'Activo'),
(631, 'Ubaque', 16, 'Activo'),
(632, 'Une', 16, 'Activo'),
(633, 'Útica', 16, 'Activo'),
(634, 'Venecia', 16, 'Activo'),
(635, 'Vergara', 16, 'Activo'),
(636, 'Vianí', 16, 'Activo'),
(637, 'Villa de San Diego de Ubate', 16, 'Activo'),
(638, 'Villagómez', 16, 'Activo'),
(639, 'Villapinzón', 16, 'Activo'),
(640, 'Villeta', 16, 'Activo'),
(641, 'Viotá', 16, 'Activo'),
(642, 'Yacopí', 16, 'Activo'),
(643, 'Zipacón', 16, 'Activo'),
(644, 'Zipaquirá', 16, 'Activo'),
(645, 'San José del Guaviare', 18, 'Activo'),
(646, 'Barranco Minas', 17, 'Activo'),
(647, 'Cacahual', 17, 'Activo'),
(648, 'Inírida', 17, 'Activo'),
(649, 'La Guadalupe', 17, 'Activo'),
(650, 'Mapiripana', 17, 'Activo'),
(651, 'Morichal', 17, 'Activo'),
(652, 'Pana Pana', 17, 'Activo'),
(653, 'Puerto Colombia', 17, 'Activo'),
(654, 'San Felipe', 17, 'Activo'),
(655, 'Calamar', 18, 'Activo'),
(656, 'El Retorno', 18, 'Activo'),
(657, 'Miraflores', 18, 'Activo'),
(658, 'Neiva', 19, 'Activo'),
(659, 'Acevedo', 19, 'Activo'),
(660, 'Agrado', 19, 'Activo'),
(661, 'Aipe', 19, 'Activo'),
(662, 'Algeciras', 19, 'Activo'),
(663, 'Altamira', 19, 'Activo'),
(664, 'Baraya', 19, 'Activo'),
(665, 'Campoalegre', 19, 'Activo'),
(666, 'Colombia', 19, 'Activo'),
(667, 'Elías', 19, 'Activo'),
(668, 'Garzón', 19, 'Activo'),
(669, 'Gigante', 19, 'Activo'),
(670, 'Guadalupe', 19, 'Activo'),
(671, 'Hobo', 19, 'Activo'),
(672, 'Iquira', 19, 'Activo'),
(673, 'Isnos', 19, 'Activo'),
(674, 'La Argentina', 19, 'Activo'),
(675, 'La Plata', 19, 'Activo'),
(676, 'Nátaga', 19, 'Activo'),
(677, 'Oporapa', 19, 'Activo'),
(678, 'Paicol', 19, 'Activo'),
(679, 'Palermo', 19, 'Activo'),
(680, 'Palestina', 19, 'Activo'),
(681, 'Pital', 19, 'Activo'),
(682, 'Pitalito', 19, 'Activo'),
(683, 'Rivera', 19, 'Activo'),
(684, 'Saladoblanco', 19, 'Activo'),
(685, 'San Agustín', 19, 'Activo'),
(686, 'Santa María', 19, 'Activo'),
(687, 'Suaza', 19, 'Activo'),
(688, 'Tarqui', 19, 'Activo'),
(689, 'Tello', 19, 'Activo'),
(690, 'Teruel', 19, 'Activo'),
(691, 'Tesalia', 19, 'Activo'),
(692, 'Timaná', 19, 'Activo'),
(693, 'Villavieja', 19, 'Activo'),
(694, 'Yaguará', 19, 'Activo'),
(695, 'Riohacha', 20, 'Activo'),
(696, 'Albania', 20, 'Activo'),
(697, 'Barrancas', 20, 'Activo'),
(698, 'Dibula', 20, 'Activo'),
(699, 'Distracción', 20, 'Activo'),
(700, 'El Molino', 20, 'Activo'),
(701, 'Fonseca', 20, 'Activo'),
(702, 'Hatonuevo', 20, 'Activo'),
(703, 'La Jagua del Pilar', 20, 'Activo'),
(704, 'Maicao', 20, 'Activo'),
(705, 'Manaure', 20, 'Activo'),
(706, 'San Juan del Cesar', 20, 'Activo'),
(707, 'Uribia', 20, 'Activo'),
(708, 'Urumita', 20, 'Activo'),
(709, 'Villanueva', 20, 'Activo'),
(710, 'Santa Marta', 21, 'Activo'),
(711, 'Algarrobo', 21, 'Activo'),
(712, 'Aracataca', 21, 'Activo'),
(713, 'Ariguaní', 21, 'Activo'),
(714, 'Cerro San Antonio', 21, 'Activo'),
(715, 'Chivolo', 21, 'Activo'),
(716, 'Ciénaga', 21, 'Activo'),
(717, 'Concordia', 21, 'Activo'),
(718, 'El Banco', 21, 'Activo'),
(719, 'El Piñon', 21, 'Activo'),
(720, 'El Retén', 21, 'Activo'),
(721, 'Fundación', 21, 'Activo'),
(722, 'Guamal', 21, 'Activo'),
(723, 'Nueva Granada', 21, 'Activo'),
(724, 'Pedraza', 21, 'Activo'),
(725, 'Pijiño del Carmen', 21, 'Activo'),
(726, 'Pivijay', 21, 'Activo'),
(727, 'Plato', 21, 'Activo'),
(728, 'Pueblo Viejo', 21, 'Activo'),
(729, 'Remolino', 21, 'Activo'),
(730, 'Sabanas de San Angel', 21, 'Activo'),
(731, 'Salamina', 21, 'Activo'),
(732, 'San Sebastián de Buenavista', 21, 'Activo'),
(733, 'San Zenón', 21, 'Activo'),
(734, 'Santa Ana', 21, 'Activo'),
(735, 'Santa Bárbara de Pinto', 21, 'Activo'),
(736, 'Sitionuevo', 21, 'Activo'),
(737, 'Tenerife', 21, 'Activo'),
(738, 'Zapayán', 21, 'Activo'),
(739, 'Zona Bananera', 21, 'Activo'),
(740, 'Villavicencio', 22, 'Activo'),
(741, 'Acacias', 22, 'Activo'),
(742, 'Barranca de Upía', 22, 'Activo'),
(743, 'Cabuyaro', 22, 'Activo'),
(744, 'Castilla la Nueva', 22, 'Activo'),
(745, 'Cubarral', 22, 'Activo'),
(746, 'Cumaral', 22, 'Activo'),
(747, 'El Calvario', 22, 'Activo'),
(748, 'El Castillo', 22, 'Activo'),
(749, 'El Dorado', 22, 'Activo'),
(750, 'Fuente de Oro', 22, 'Activo'),
(751, 'Granada', 22, 'Activo'),
(752, 'Guamal', 22, 'Activo'),
(753, 'La Macarena', 22, 'Activo'),
(754, 'Lejanías', 22, 'Activo'),
(755, 'Mapiripán', 22, 'Activo'),
(756, 'Mesetas', 22, 'Activo'),
(757, 'Puerto Concordia', 22, 'Activo'),
(758, 'Puerto Gaitán', 22, 'Activo'),
(759, 'Puerto Lleras', 22, 'Activo'),
(760, 'Puerto López', 22, 'Activo'),
(761, 'Puerto Rico', 22, 'Activo'),
(762, 'Restrepo', 22, 'Activo'),
(763, 'San Carlos de Guaroa', 22, 'Activo'),
(764, 'San Juan de Arama', 22, 'Activo'),
(765, 'San Juanito', 22, 'Activo'),
(766, 'San Martín', 22, 'Activo'),
(767, 'Uribe', 22, 'Activo'),
(768, 'Vista Hermosa', 22, 'Activo'),
(769, 'Pasto', 23, 'Activo'),
(770, 'Albán', 23, 'Activo'),
(771, 'Aldana', 23, 'Activo'),
(772, 'Ancuyá', 23, 'Activo'),
(773, 'Arboleda', 23, 'Activo'),
(774, 'Barbacoas', 23, 'Activo'),
(775, 'Belén', 23, 'Activo'),
(776, 'Buesaco', 23, 'Activo'),
(777, 'Chachagüí', 23, 'Activo'),
(778, 'Colón', 23, 'Activo'),
(779, 'Consaca', 23, 'Activo'),
(780, 'Contadero', 23, 'Activo'),
(781, 'Córdoba', 23, 'Activo'),
(782, 'Cuaspud', 23, 'Activo'),
(783, 'Cumbal', 23, 'Activo'),
(784, 'Cumbitara', 23, 'Activo'),
(785, 'El Charco', 23, 'Activo'),
(786, 'El Peñol', 23, 'Activo'),
(787, 'El Rosario', 23, 'Activo'),
(788, 'El Tablón de Gómez', 23, 'Activo'),
(789, 'El Tambo', 23, 'Activo'),
(790, 'Francisco Pizarro', 23, 'Activo'),
(791, 'Funes', 23, 'Activo'),
(792, 'Guachucal', 23, 'Activo'),
(793, 'Guaitarilla', 23, 'Activo'),
(794, 'Gualmatán', 23, 'Activo'),
(795, 'Iles', 23, 'Activo'),
(796, 'Imués', 23, 'Activo'),
(797, 'Ipiales', 23, 'Activo'),
(798, 'La Cruz', 23, 'Activo'),
(799, 'La Florida', 23, 'Activo'),
(800, 'La Llanada', 23, 'Activo'),
(801, 'La Tola', 23, 'Activo'),
(802, 'La Unión', 23, 'Activo'),
(803, 'Leiva', 23, 'Activo'),
(804, 'Linares', 23, 'Activo'),
(805, 'Los Andes', 23, 'Activo'),
(806, 'Magüí', 23, 'Activo'),
(807, 'Mallama', 23, 'Activo'),
(808, 'Mosquera', 23, 'Activo'),
(809, 'Nariño', 23, 'Activo'),
(810, 'Olaya Herrera', 23, 'Activo'),
(811, 'Ospina', 23, 'Activo'),
(812, 'Policarpa', 23, 'Activo'),
(813, 'Potosí', 23, 'Activo'),
(814, 'Providencia', 23, 'Activo'),
(815, 'Puerres', 23, 'Activo'),
(816, 'Pupiales', 23, 'Activo'),
(817, 'Ricaurte', 23, 'Activo'),
(818, 'Roberto Payán', 23, 'Activo'),
(819, 'Samaniego', 23, 'Activo'),
(820, 'San Andrés de Tumaco', 23, 'Activo'),
(821, 'San Bernardo', 23, 'Activo'),
(822, 'San Lorenzo', 23, 'Activo'),
(823, 'San Pablo', 23, 'Activo'),
(824, 'San Pedro de Cartago', 23, 'Activo'),
(825, 'Sandoná', 23, 'Activo'),
(826, 'Santa Bárbara', 23, 'Activo'),
(827, 'Santacruz', 23, 'Activo'),
(828, 'Sapuyes', 23, 'Activo'),
(829, 'Taminango', 23, 'Activo'),
(830, 'Tangua', 23, 'Activo'),
(831, 'Túquerres', 23, 'Activo'),
(832, 'Yacuanquer', 23, 'Activo'),
(833, 'Cúcuta', 24, 'Activo'),
(834, 'Abrego', 24, 'Activo'),
(835, 'Arboledas', 24, 'Activo'),
(836, 'Bochalema', 24, 'Activo'),
(837, 'Bucarasica', 24, 'Activo'),
(838, 'Cachirá', 24, 'Activo'),
(839, 'Cácota', 24, 'Activo'),
(840, 'Chinácota', 24, 'Activo'),
(841, 'Chitagá', 24, 'Activo'),
(842, 'Convención', 24, 'Activo'),
(843, 'Cucutilla', 24, 'Activo'),
(844, 'Durania', 24, 'Activo'),
(845, 'El Carmen', 24, 'Activo'),
(846, 'El Tarra', 24, 'Activo'),
(847, 'El Zulia', 24, 'Activo'),
(848, 'Gramalote', 24, 'Activo'),
(849, 'Hacarí', 24, 'Activo'),
(850, 'Herrán', 24, 'Activo'),
(851, 'La Esperanza', 24, 'Activo'),
(852, 'La Playa', 24, 'Activo'),
(853, 'Labateca', 24, 'Activo'),
(854, 'Los Patios', 24, 'Activo'),
(855, 'Lourdes', 24, 'Activo'),
(856, 'Mutiscua', 24, 'Activo'),
(857, 'Ocaña', 24, 'Activo'),
(858, 'Pamplona', 24, 'Activo'),
(859, 'Pamplonita', 24, 'Activo'),
(860, 'Puerto Santander', 24, 'Activo'),
(861, 'Ragonvalia', 24, 'Activo'),
(862, 'Salazar', 24, 'Activo'),
(863, 'San Calixto', 24, 'Activo'),
(864, 'San Cayetano', 24, 'Activo'),
(865, 'Santiago', 24, 'Activo'),
(866, 'Sardinata', 24, 'Activo'),
(867, 'Silos', 24, 'Activo'),
(868, 'Teorama', 24, 'Activo'),
(869, 'Tibú', 24, 'Activo'),
(870, 'Toledo', 24, 'Activo'),
(871, 'Villa Caro', 24, 'Activo'),
(872, 'Villa del Rosario', 24, 'Activo'),
(873, 'Mocoa', 25, 'Activo'),
(874, 'Colón', 25, 'Activo'),
(875, 'Leguízamo', 25, 'Activo'),
(876, 'Orito', 25, 'Activo'),
(877, 'Puerto Asís', 25, 'Activo'),
(878, 'Puerto Caicedo', 25, 'Activo'),
(879, 'Puerto Guzmán', 25, 'Activo'),
(880, 'San Francisco', 25, 'Activo'),
(881, 'San Miguel', 25, 'Activo'),
(882, 'Santiago', 25, 'Activo'),
(883, 'Sibundoy', 25, 'Activo'),
(884, 'Valle de Guamez', 25, 'Activo'),
(885, 'Villagarzón', 25, 'Activo'),
(886, 'Armenia', 26, 'Activo'),
(887, 'Buenavista', 26, 'Activo'),
(888, 'Calarcá', 26, 'Activo'),
(889, 'Circasia', 26, 'Activo'),
(890, 'Córdoba', 26, 'Activo'),
(891, 'Filandia', 26, 'Activo'),
(892, 'Génova', 26, 'Activo'),
(893, 'La Tebaida', 26, 'Activo'),
(894, 'Montenegro', 26, 'Activo'),
(895, 'Pijao', 26, 'Activo'),
(896, 'Quimbaya', 26, 'Activo'),
(897, 'Salento', 26, 'Activo'),
(898, 'Pereira', 27, 'Activo'),
(899, 'Apía', 27, 'Activo'),
(900, 'Balboa', 27, 'Activo'),
(901, 'Belén de Umbría', 27, 'Activo'),
(902, 'Dosquebradas', 27, 'Activo'),
(903, 'Guática', 27, 'Activo'),
(904, 'La Celia', 27, 'Activo'),
(905, 'La Virginia', 27, 'Activo'),
(906, 'Marsella', 27, 'Activo'),
(907, 'Mistrató', 27, 'Activo'),
(908, 'Pueblo Rico', 27, 'Activo'),
(909, 'Quinchía', 27, 'Activo'),
(910, 'Santa Rosa de Cabal', 27, 'Activo'),
(911, 'Santuario', 27, 'Activo'),
(912, 'Bucaramanga', 28, 'Activo'),
(913, 'Aguada', 28, 'Activo'),
(914, 'Albania', 28, 'Activo'),
(915, 'Aratoca', 28, 'Activo'),
(916, 'Barbosa', 28, 'Activo'),
(917, 'Barichara', 28, 'Activo'),
(918, 'Barrancabermeja', 28, 'Activo'),
(919, 'Betulia', 28, 'Activo'),
(920, 'Bolívar', 28, 'Activo'),
(921, 'Cabrera', 28, 'Activo'),
(922, 'California', 28, 'Activo'),
(923, 'Capitanejo', 28, 'Activo'),
(924, 'Carcasí', 28, 'Activo'),
(925, 'Cepitá', 28, 'Activo'),
(926, 'Cerrito', 28, 'Activo'),
(927, 'Charalá', 28, 'Activo'),
(928, 'Charta', 28, 'Activo'),
(929, 'Chimá', 28, 'Activo'),
(930, 'Chipatá', 28, 'Activo'),
(931, 'Cimitarra', 28, 'Activo'),
(932, 'Concepción', 28, 'Activo'),
(933, 'Confines', 28, 'Activo'),
(934, 'Contratación', 28, 'Activo'),
(935, 'Coromoro', 28, 'Activo'),
(936, 'Curití', 28, 'Activo'),
(937, 'El Carmen de Chucurí', 28, 'Activo'),
(938, 'El Guacamayo', 28, 'Activo'),
(939, 'El Peñón', 28, 'Activo'),
(940, 'El Playón', 28, 'Activo'),
(941, 'Encino', 28, 'Activo'),
(942, 'Enciso', 28, 'Activo'),
(943, 'Florián', 28, 'Activo'),
(944, 'Floridablanca', 28, 'Activo'),
(945, 'Galán', 28, 'Activo'),
(946, 'Gambita', 28, 'Activo'),
(947, 'Girón', 28, 'Activo'),
(948, 'Guaca', 28, 'Activo'),
(949, 'Guadalupe', 28, 'Activo'),
(950, 'Guapotá', 28, 'Activo'),
(951, 'Guavatá', 28, 'Activo'),
(952, 'Güepsa', 28, 'Activo'),
(953, 'Hato', 28, 'Activo'),
(954, 'Jesús María', 28, 'Activo'),
(955, 'Jordán', 28, 'Activo'),
(956, 'La Belleza', 28, 'Activo'),
(957, 'La Paz', 28, 'Activo'),
(958, 'Landázuri', 28, 'Activo'),
(959, 'Lebríja', 28, 'Activo'),
(960, 'Los Santos', 28, 'Activo'),
(961, 'Macaravita', 28, 'Activo'),
(962, 'Málaga', 28, 'Activo'),
(963, 'Matanza', 28, 'Activo'),
(964, 'Mogotes', 28, 'Activo'),
(965, 'Molagavita', 28, 'Activo'),
(966, 'Ocamonte', 28, 'Activo'),
(967, 'Oiba', 28, 'Activo'),
(968, 'Onzaga', 28, 'Activo'),
(969, 'Palmar', 28, 'Activo'),
(970, 'Palmas del Socorro', 28, 'Activo'),
(971, 'Páramo', 28, 'Activo'),
(972, 'Piedecuesta', 28, 'Activo'),
(973, 'Pinchote', 28, 'Activo'),
(974, 'Puente Nacional', 28, 'Activo'),
(975, 'Puerto Parra', 28, 'Activo'),
(976, 'Puerto Wilches', 28, 'Activo'),
(977, 'Rionegro', 28, 'Activo'),
(978, 'Sabana de Torres', 28, 'Activo'),
(979, 'San Andrés', 28, 'Activo'),
(980, 'San Benito', 28, 'Activo'),
(981, 'San Gil', 28, 'Activo'),
(982, 'San Joaquín', 28, 'Activo'),
(983, 'San José de Miranda', 28, 'Activo'),
(984, 'San Miguel', 28, 'Activo'),
(985, 'San Vicente de Chucurí', 28, 'Activo'),
(986, 'Santa Bárbara', 28, 'Activo'),
(987, 'Santa Helena del Opón', 28, 'Activo'),
(988, 'Simacota', 28, 'Activo'),
(989, 'Socorro', 28, 'Activo'),
(990, 'Suaita', 28, 'Activo'),
(991, 'Sucre', 28, 'Activo'),
(992, 'Suratá', 28, 'Activo'),
(993, 'Tona', 28, 'Activo'),
(994, 'Valle de San José', 28, 'Activo'),
(995, 'Vélez', 28, 'Activo'),
(996, 'Vetas', 28, 'Activo'),
(997, 'Villanueva', 28, 'Activo'),
(998, 'Zapatoca', 28, 'Activo'),
(999, 'Sincelejo', 29, 'Activo'),
(1000, 'Buenavista', 29, 'Activo'),
(1001, 'Caimito', 29, 'Activo'),
(1002, 'Chalán', 29, 'Activo'),
(1003, 'Coloso', 29, 'Activo'),
(1004, 'Corozal', 29, 'Activo'),
(1005, 'Coveñas', 29, 'Activo'),
(1006, 'El Roble', 29, 'Activo'),
(1007, 'Galeras', 29, 'Activo'),
(1008, 'Guaranda', 29, 'Activo'),
(1009, 'La Unión', 29, 'Activo'),
(1010, 'Los Palmitos', 29, 'Activo'),
(1011, 'Majagual', 29, 'Activo'),
(1012, 'Morroa', 29, 'Activo'),
(1013, 'Ovejas', 29, 'Activo'),
(1014, 'Palmito', 29, 'Activo'),
(1015, 'Sampués', 29, 'Activo'),
(1016, 'San Benito Abad', 29, 'Activo'),
(1017, 'San Juan de Betulia', 29, 'Activo'),
(1018, 'San Luis de Sincé', 29, 'Activo'),
(1019, 'San Marcos', 29, 'Activo'),
(1020, 'San Onofre', 29, 'Activo'),
(1021, 'San Pedro', 29, 'Activo'),
(1022, 'Santiago de Tolú', 29, 'Activo'),
(1023, 'Sucre', 29, 'Activo'),
(1024, 'Tolú Viejo', 29, 'Activo'),
(1025, 'Ibagué', 30, 'Activo'),
(1026, 'Alpujarra', 30, 'Activo'),
(1027, 'Alvarado', 30, 'Activo'),
(1028, 'Ambalema', 30, 'Activo'),
(1029, 'Anzoátegui', 30, 'Activo'),
(1030, 'Armero', 30, 'Activo'),
(1031, 'Ataco', 30, 'Activo'),
(1032, 'Cajamarca', 30, 'Activo'),
(1033, 'Carmen de Apicala', 30, 'Activo'),
(1034, 'Casabianca', 30, 'Activo'),
(1035, 'Chaparral', 30, 'Activo'),
(1036, 'Coello', 30, 'Activo'),
(1037, 'Coyaima', 30, 'Activo'),
(1038, 'Cunday', 30, 'Activo'),
(1039, 'Dolores', 30, 'Activo'),
(1040, 'Espinal', 30, 'Activo'),
(1041, 'Falan', 30, 'Activo'),
(1042, 'Flandes', 30, 'Activo'),
(1043, 'Fresno', 30, 'Activo'),
(1044, 'Guamo', 30, 'Activo'),
(1045, 'Herveo', 30, 'Activo'),
(1046, 'Honda', 30, 'Activo'),
(1047, 'Icononzo', 30, 'Activo'),
(1048, 'Lérida', 30, 'Activo'),
(1049, 'Líbano', 30, 'Activo'),
(1050, 'Mariquita', 30, 'Activo'),
(1051, 'Melgar', 30, 'Activo'),
(1052, 'Murillo', 30, 'Activo'),
(1053, 'Natagaima', 30, 'Activo'),
(1054, 'Ortega', 30, 'Activo'),
(1055, 'Palocabildo', 30, 'Activo'),
(1056, 'Piedras', 30, 'Activo'),
(1057, 'Planadas', 30, 'Activo'),
(1058, 'Prado', 30, 'Activo'),
(1059, 'Purificación', 30, 'Activo'),
(1060, 'Rio Blanco', 30, 'Activo'),
(1061, 'Roncesvalles', 30, 'Activo'),
(1062, 'Rovira', 30, 'Activo'),
(1063, 'Saldaña', 30, 'Activo'),
(1064, 'San Antonio', 30, 'Activo'),
(1065, 'San Luis', 30, 'Activo'),
(1066, 'Santa Isabel', 30, 'Activo'),
(1067, 'Suárez', 30, 'Activo'),
(1068, 'Valle de San Juan', 30, 'Activo'),
(1069, 'Venadillo', 30, 'Activo'),
(1070, 'Villahermosa', 30, 'Activo'),
(1071, 'Villarrica', 30, 'Activo'),
(1072, 'Cali', 31, 'Activo'),
(1073, 'Alcalá', 31, 'Activo'),
(1074, 'Andalucía', 31, 'Activo'),
(1075, 'Ansermanuevo', 31, 'Activo'),
(1076, 'Argelia', 31, 'Activo'),
(1077, 'Bolívar', 31, 'Activo'),
(1078, 'Buenaventura', 31, 'Activo'),
(1079, 'Bugalagrande', 31, 'Activo'),
(1080, 'Caicedonia', 31, 'Activo'),
(1081, 'Calima', 31, 'Activo'),
(1082, 'Candelaria', 31, 'Activo'),
(1083, 'Cartago', 31, 'Activo'),
(1084, 'Dagua', 31, 'Activo'),
(1085, 'El Águila', 31, 'Activo'),
(1086, 'El Cairo', 31, 'Activo'),
(1087, 'El Cerrito', 31, 'Activo'),
(1088, 'El Dovio', 31, 'Activo'),
(1089, 'Florida', 31, 'Activo'),
(1090, 'Ginebra', 31, 'Activo'),
(1091, 'Guacarí', 31, 'Activo'),
(1092, 'Guadalajara de Buga', 31, 'Activo'),
(1093, 'Jamundí', 31, 'Activo'),
(1094, 'La Cumbre', 31, 'Activo'),
(1095, 'La Unión', 31, 'Activo'),
(1096, 'La Victoria', 31, 'Activo'),
(1097, 'Obando', 31, 'Activo'),
(1098, 'Palmira', 31, 'Activo'),
(1099, 'Pradera', 31, 'Activo'),
(1100, 'Restrepo', 31, 'Activo'),
(1101, 'Riofrío', 31, 'Activo'),
(1102, 'Roldanillo', 31, 'Activo'),
(1103, 'San Pedro', 31, 'Activo'),
(1104, 'Sevilla', 31, 'Activo'),
(1105, 'Toro', 31, 'Activo'),
(1106, 'Trujillo', 31, 'Activo'),
(1107, 'Tuluá', 31, 'Activo'),
(1108, 'Ulloa', 31, 'Activo'),
(1109, 'Versalles', 31, 'Activo'),
(1110, 'Vijes', 31, 'Activo'),
(1111, 'Yotoco', 31, 'Activo'),
(1112, 'Yumbo', 31, 'Activo'),
(1113, 'Zarzal', 31, 'Activo'),
(1114, 'Mitú', 32, 'Activo'),
(1115, 'Caruru', 32, 'Activo'),
(1116, 'Pacoa', 32, 'Activo'),
(1117, 'Papunaua', 32, 'Activo'),
(1118, 'Taraira', 32, 'Activo'),
(1119, 'Yavaraté', 32, 'Activo'),
(1120, 'Puerto Carreño', 33, 'Activo'),
(1121, 'Cumaribo', 33, 'Activo'),
(1122, 'La Primavera', 33, 'Activo'),
(1123, 'Santa Rosalía', 33, 'Activo');

-- --------------------------------------------------------

--
-- Estructura de tabla para la tabla `promo`
--

CREATE TABLE IF NOT EXISTS `promo` (
  `Id` int(11) NOT NULL AUTO_INCREMENT,
  `Nombre` varchar(100) COLLATE utf8_spanish_ci NOT NULL,
  `FechaInicio` datetime NOT NULL,
  `FechaFin` datetime NOT NULL,
  `Estado` varchar(20) COLLATE utf8_spanish_ci NOT NULL DEFAULT 'Activo',
  PRIMARY KEY (`Id`),
  UNIQUE KEY `Estado` (`Estado`)
) ENGINE=InnoDB  DEFAULT CHARSET=utf8 COLLATE=utf8_spanish_ci AUTO_INCREMENT=2 ;

--
-- Volcado de datos para la tabla `promo`
--

INSERT INTO `promo` (`Id`, `Nombre`, `FechaInicio`, `FechaFin`, `Estado`) VALUES
(1, 'Primera Campaña', '2020-11-01 00:00:00', '2020-11-30 00:00:00', 'Activo');

-- --------------------------------------------------------

--
-- Estructura de tabla para la tabla `tipodocumento`
--

CREATE TABLE IF NOT EXISTS `tipodocumento` (
  `Id` int(11) NOT NULL AUTO_INCREMENT,
  `Nombre` varchar(25) NOT NULL,
  `Estado` varchar(20) NOT NULL DEFAULT 'Activo',
  PRIMARY KEY (`Id`)
) ENGINE=InnoDB  DEFAULT CHARSET=latin1 AUTO_INCREMENT=5 ;

--
-- Volcado de datos para la tabla `tipodocumento`
--

INSERT INTO `tipodocumento` (`Id`, `Nombre`, `Estado`) VALUES
(1, 'Cédula de Ciudadanía', 'Activo'),
(2, 'Cédula de extranjería', 'Activo'),
(3, 'Pasaporte', 'Activo'),
(4, 'Tarjeta de identidad', 'Activo');

-- --------------------------------------------------------

--
-- Estructura de tabla para la tabla `usuarios`
--

CREATE TABLE IF NOT EXISTS `usuarios` (
  `Id` int(11) NOT NULL AUTO_INCREMENT,
  `Usuario` varchar(20) COLLATE utf8_spanish_ci NOT NULL,
  `Clave` varchar(20) COLLATE utf8_spanish_ci NOT NULL,
  `Nombres` varchar(50) COLLATE utf8_spanish_ci NOT NULL,
  `Apellidos` varchar(50) COLLATE utf8_spanish_ci NOT NULL,
  `Estado` varchar(20) COLLATE utf8_spanish_ci NOT NULL DEFAULT 'Activo',
  PRIMARY KEY (`Id`),
  UNIQUE KEY `Usuario` (`Usuario`)
) ENGINE=InnoDB  DEFAULT CHARSET=utf8 COLLATE=utf8_spanish_ci AUTO_INCREMENT=2 ;

--
-- Volcado de datos para la tabla `usuarios`
--

INSERT INTO `usuarios` (`Id`, `Usuario`, `Clave`, `Nombres`, `Apellidos`, `Estado`) VALUES
(1, 'Admin', 'Admin', 'Luis Antonio', 'Ruiz Ordoñez', 'Activo');

--
-- Restricciones para tablas volcadas
--

--
-- Filtros para la tabla `clientespotenciales`
--
ALTER TABLE `clientespotenciales`
  ADD CONSTRAINT `clientespotenciales_ibfk_1` FOREIGN KEY (`TipoDocumento`) REFERENCES `tipodocumento` (`Id`) ON UPDATE CASCADE,
  ADD CONSTRAINT `clientespotenciales_ibfk_2` FOREIGN KEY (`Municipio`) REFERENCES `municipios` (`Id`) ON UPDATE CASCADE,
  ADD CONSTRAINT `clientespotenciales_ibfk_3` FOREIGN KEY (`IdPromo`) REFERENCES `promo` (`Id`) ON UPDATE CASCADE;

--
-- Filtros para la tabla `municipios`
--
ALTER TABLE `municipios`
  ADD CONSTRAINT `municipios_ibfk_1` FOREIGN KEY (`IdDepartamento`) REFERENCES `departamentos` (`Id`) ON UPDATE CASCADE;

/*!40101 SET CHARACTER_SET_CLIENT=@OLD_CHARACTER_SET_CLIENT */;
/*!40101 SET CHARACTER_SET_RESULTS=@OLD_CHARACTER_SET_RESULTS */;
/*!40101 SET COLLATION_CONNECTION=@OLD_COLLATION_CONNECTION */;
